MeanFreq,MedFreq,ModeFreq,SDF,Q1,IQR,Q3,Skewness,Kurtosis,SpFlt1,SpFlt2,SpFlt3,SpFlt4,SpFlt5,SpCen1,SpCen2,SpCen3,SpCen4,SpCen5,SpCon1,SpCon2,SpCon3,SpCon4,SpCon5,SpCon6,SpCon7,TrafficIncident
-124.85640102986356,-123.4668154039219,-117,10.842325868940662,-114.16586501087863,-122.25733866288545,-135.98965612646717,-0.16624728577888767,-0.48884244604363847,0.29146772623062134,0.38088807463645935,0.37604519724845886,0.3449326455593109,0.2963836193084717,2321.9920779024224,2477.1409142749035,2357.48387074423,2135.00196484526,2100.5269029150695,35.86122238130643,11.184838245831282,12.478523585461454,14.57076739383739,16.752342542100155,15.6156943327394,15.737030526742618,No
-117.60314476229483,-120.20302857649133,-126,11.663257410073221,-104.77114559393758,-119.68665897970212,-126.7039213958183,1.1812526808469304,1.3431982483290268,0.30740535259246826,0.3851463794708252,0.3567980229854584,0.3061099350452423,0.2126939296722412,2329.434308559379,2372.8274147017755,2215.179145561229,1883.1634248448656,1433.2927579438488,33.98838146080375,12.54303930163322,14.264479389029962,14.735690460289224,15.144103635563283,16.160198222301183,15.45121845269772,No
-118.32743347704272,-119.9339728488451,-128,12.891723341091923,-104.02285830038913,-119.87241523547038,-129.64116685154988,0.8839509442582869,0.6993773972140986,0.287068635225296,0.36315223574638367,0.3632217049598694,0.3200770914554596,0.26769858598709106,2196.6950371141934,2298.3815201278026,2291.710730094614,1985.3779957728134,1843.465188316105,33.70653035155932,12.218979703716414,16.52743608039544,16.36509917482014,16.262548621312924,15.68317749408207,16.685573942604186,No
-119.99086402636622,-121.04438260215274,-132,14.719986484325466,-102.8742731371827,-120.59754492553915,-133.44308530687385,0.629088496328608,0.09143566586325713,0.3175794780254364,0.3884006142616272,0.3826740086078644,0.3577195703983307,0.3031240999698639,2341.260921633867,2358.5978062372587,2263.77290062281,2144.7583058272585,2026.7092243010566,33.74777163364887,11.512403130252597,18.027058504725282,13.579057597688376,14.695204734908163,16.216821971527246,14.735797680920456,No
-119.664363430031,-120.42361406397261,-117,15.378192880482882,-99.83861790875416,-120.2311091132735,-134.18666103352606,0.5988085061910117,0.024199549640530282,0.3240116834640503,0.387440025806427,0.3710312843322754,0.3541366457939148,0.30842655897140503,2413.4824082459,2354.7791561068534,2236.119674501956,2162.561416346645,2083.075810298286,31.847481934478072,12.367039562646122,12.56019849935653,14.312925679434766,15.626689026565623,16.257542784976074,15.33789298754023,No
-118.61432137436819,-119.72607158424373,-129,14.35296013898504,-101.0303382802289,-119.25446802144013,-131.89184280404615,0.6491903058606614,0.23664392406951595,0.31759166717529297,0.398757666349411,0.3871171176433563,0.3513927459716797,0.30576109886169434,2409.66099519633,2402.375535365032,2346.1286209335585,2182.45425757261,2088.830775525441,32.9706966802567,9.040594902342798,13.7990220292608,12.720808450315127,14.861451709773188,15.224491788389779,16.1471295221446,No
-113.56616683641468,-116.97261838987586,-121,11.332569936248293,-99.94962634566711,-116.61010882195066,-121.66839908333799,1.237117532147383,1.2375996839112196,0.3116529583930969,0.3772389888763428,0.3695324659347534,0.295537531375885,0.15985538065433502,2348.289325487842,2395.106196966555,2284.887288318429,1836.920843856436,1030.4269646126377,35.187007128445885,12.841411692334393,13.891614026854006,13.458709920293273,15.963475059232746,15.90049623535682,15.196829433455429,No
-114.01538883026848,-116.87190885888165,-121,11.263567777432481,-100.57682310030863,-116.66134303125644,-122.40412747338121,1.2978794887261489,1.5861942427329847,0.31565988063812256,0.379872590303421,0.36695677042007446,0.310674250125885,0.1614532768726349,2345.9293826374214,2338.418864836688,2317.700653353203,1941.3790203087328,1050.6034633099425,37.134176345424315,15.40819031491976,11.869260237396073,13.306300232043634,15.17299129332736,15.045667567234693,14.601496536905984,No
-117.53007500931108,-119.03090889715209,-129,14.405889058573727,-100.75411918062302,-118.82705743748014,-130.77211700101176,0.8085248601726472,0.40619909051646363,0.30287086963653564,0.3915212154388428,0.37807559967041016,0.33458277583122253,0.27432262897491455,2323.7557907094324,2350.799248747874,2278.457455355551,2080.6595550291454,1897.3788070157448,33.214865722984584,13.637040611220765,13.168102350191154,13.436036064573063,15.5133534137352,16.641609489455853,15.520268456142896,No
-113.80584152581855,-116.87327778099956,-122,12.176359031818276,-99.03853011738711,-116.57978641336663,-123.42352976833938,1.2288122977004716,1.0615735831163393,0.3159244954586029,0.4030126631259918,0.3652767837047577,0.292130708694458,0.16124732792377472,2319.322584665341,2426.448418992076,2284.2866023377605,1792.5558100427115,1055.994401356141,34.93711049808804,9.583102901011307,13.541336730542167,12.82920543614811,17.219777475567298,15.10919175188987,15.369288010510354,No
-118.14344748158778,-117.49364917540174,-114,17.217321432802777,-97.86098412093601,-117.32087961879657,-136.04592622672766,0.38102110452869825,-0.3125861171395101,0.3145070970058441,0.3955160677433014,0.3943372964859009,0.354042649269104,0.3137378394603729,2486.3883635209786,2429.3898431539073,2302.269859719888,2103.8563995945215,2126.3774371095487,32.292110326205254,10.495352807335522,15.17247473299164,14.71352776682645,16.09360310703064,16.129046235892257,16.146214106745308,No
-124.05045761909454,-122.69418421012554,-117,11.424999343141112,-112.56467727682701,-121.90260371412694,-135.79152280776333,-0.057415254220125916,-0.19883308856314397,0.2824426293373108,0.38624995946884155,0.36988556385040283,0.3510933518409729,0.3144148588180542,2220.9487938779866,2403.8488855727555,2360.3079634901283,2175.3884261654703,2130.6822214171284,35.46431422551816,9.08758476152122,14.221075187196224,15.53367315104174,14.868472254723423,16.047326956042582,15.479016810171776,No
-115.57075939794969,-116.80556672412929,-128,13.91530416959754,-98.76354162919249,-116.27227514205447,-128.76894766015732,0.8486843492796085,0.37619766934812704,0.3208371698856354,0.394273966550827,0.3802013695240021,0.3270512521266937,0.2522375285625458,2457.657459349366,2381.360479951734,2311.501663631924,1973.162141541801,1707.0650264563642,32.98658204074846,8.56721789903488,15.007286958171221,13.368877434791472,14.424030241126053,15.205904098067837,15.13404159480854,No
-117.65389453311789,-116.81926794757973,-112,16.862847017574644,-96.94887268533975,-116.63023356851572,-135.3145643592379,0.33861790421571114,-0.3126078370275138,0.3213435709476471,0.4048369526863098,0.38401588797569275,0.3571258783340454,0.30846816301345825,2509.0318015684325,2455.732496365512,2245.327174412696,2122.2964478027097,2085.11492029243,32.65890449822868,9.020405176738336,17.869839618168758,15.381600620931701,14.387568339170869,15.314074222317043,15.390938631395006,No
-116.86630054595285,-116.2951704266972,-112,16.82575667432475,-96.19662911151877,-115.96006589254844,-134.48952064478885,0.40058465257483594,-0.27129311485408314,0.31364989280700684,0.3972640931606293,0.3853783905506134,0.3604150414466858,0.2985619008541107,2381.279491499872,2378.5958604288858,2283.156124848201,2151.590978421128,2048.7100901386607,32.11747481053512,9.596707631378047,11.989954843474536,16.666893276162977,15.967743657902156,15.883219180465776,15.368078068387879,No
-117.63712659542736,-116.91822261549908,-112,17.174337836334903,-97.44035537558233,-116.61330792341322,-135.61016028745922,0.4227257905252902,-0.17505666704268963,0.3134126663208008,0.39787018299102783,0.3822914958000183,0.3752138912677765,0.3147796392440796,2336.7709655831804,2405.3722468845563,2277.6016082615974,2240.0056391977923,2084.9988299742154,34.36622271368798,10.878759056980623,12.840141044289805,13.982094144348295,15.048478284994522,15.867466582959903,14.64488363708198,No
-114.9224979485041,-116.44082937345848,-128,15.175749746564556,-96.05820440810558,-116.21828065511494,-129.14754934148095,0.8055270005721906,0.29353583318633314,0.3049861192703247,0.3952016234397888,0.38157641887664795,0.33129245042800903,0.25192004442214966,2340.503469289035,2414.7899774820053,2318.4866509369117,2002.1378814028396,1674.5248106269757,33.587125476705936,12.112507093633758,16.18171605612347,16.524304111925694,17.057668752225823,15.46864079763927,16.367661373734453,No
-116.1921837033019,-116.06403417248569,-114,17.569134362215973,-95.32779894628251,-115.9602227725693,-134.41763420493538,0.4762660288976567,-0.14131828981835515,0.3269658088684082,0.3952440321445465,0.3723554313182831,0.354288786649704,0.3097696900367737,2498.2971251213226,2420.9274622833914,2221.7458946430365,2157.346374330881,2126.7438757768177,31.807646874341582,13.235965737217033,15.273476281480246,14.049558396294657,14.862608048380144,16.068359185212522,15.652435314313706,No
-111.16448792020901,-114.13647489621619,-122,13.738816569475317,-92.9398979230404,-113.98410210393455,-122.95237952271782,1.077006101228389,0.5402572709296414,0.30190548300743103,0.40377113223075867,0.39436233043670654,0.30206871032714844,0.1601538509130478,2364.362909293798,2476.249887967622,2360.9878910925986,1825.1855752548486,1043.5164336966102,35.52832882274579,11.809088143038348,12.137957132834677,16.189023443853916,14.972029296823498,15.386430424425887,15.83989361772922,No
-111.46252313655769,-114.44435181689781,-123,14.056982471017298,-94.11889727449129,-114.29889354406936,-123.54147899257428,1.0549068171329608,0.6104945081325552,0.2989213466644287,0.39640894532203674,0.3910875916481018,0.31392940878868103,0.17884840071201324,2400.997544823641,2463.607712710721,2367.2550622425124,1956.7140273009454,1172.0118547795105,35.190658618468525,13.698862143191585,15.393242300893188,13.752339668786727,16.791543493917963,16.680826300958262,16.1353266593867,No
-115.732243137232,-115.13149049355187,-113,18.565918394244793,-93.24239908780817,-115.05319469101437,-135.45620847338603,0.3948061134871704,-0.33435308213829806,0.32295724749565125,0.39589962363243103,0.3817513585090637,0.3554999828338623,0.3133237361907959,2418.9345735301104,2443.2811696859644,2289.7564400218707,2129.0803129056267,2079.7688525522262,29.416976670050666,9.226913556559657,14.230150231764622,14.250613214837102,15.376989374900512,15.804486341176233,15.405049336307162,No
-114.27544872803719,-114.34145543343843,-130,17.20207565974062,-93.77591434662051,-114.07300815756608,-131.97835647385213,0.5615057084739891,-0.06337377592622939,0.32839488983154297,0.4222867488861084,0.39551180601119995,0.3508847951889038,0.2883952856063843,2455.4591471587714,2476.991421741766,2287.9966231408853,2089.4553564626867,1964.725899186514,31.186765429397063,12.75819517707732,12.329207070523308,12.959451447367348,15.222754857468598,15.0712639579617,15.119854296956484,No
-123.28627424918645,-121.94609649089763,-114,12.578098124268168,-111.14438730829167,-121.18524104853401,-136.19731523773103,0.1372503210723099,0.08912282566545526,0.2927965521812439,0.37898579239845276,0.3718717396259308,0.3569026589393616,0.312124103307724,2276.185393553068,2336.501472465424,2247.608022616835,2169.165103487996,2152.8958313886687,30.600854673917752,11.035321741033513,12.621080904069693,16.81787573129415,16.13606004093665,16.94543323936374,15.630791258588804,No
-115.28233272953494,-113.33744508239025,-110,18.855059867395255,-93.54625607499324,-113.22334850046195,-136.21431401356966,0.24030133459117642,-0.41970966055908177,0.31892651319503784,0.4016016125679016,0.38554710149765015,0.3649858832359314,0.3361237049102783,2394.493409093998,2386.546892742953,2250.4272289795204,2157.8890289342125,2194.1226498194674,32.516290502810435,7.906610286642047,15.388523584252505,14.688304273467313,15.897108664730368,16.18809928488726,14.902090949725652,No
-113.96074513889366,-112.40818519151878,-134,18.78299005488343,-93.41805146229284,-112.16833064957862,-134.49036683423765,0.37551961259649924,-0.15073112671909206,0.31030866503715515,0.39642733335494995,0.38391920924186707,0.36164745688438416,0.3132348954677582,2540.462207229565,2442.7260410875797,2280.4115486568417,2232.7238304343505,2119.306551682773,30.67298977262206,13.841026097331959,18.072633496909965,14.886199559561252,15.813053753733467,15.720766044429649,15.459748204984923,No
-111.225945318522,-112.8958637935149,-124,15.302664711839908,-92.66657238759856,-112.65913862885188,-125.74336732522751,0.9221260160621713,0.47779177842617493,0.330351859331131,0.40201422572135925,0.39146363735198975,0.3213905096054077,0.20279842615127563,2547.827298886554,2380.8324855089045,2312.753102331497,1894.8086786698984,1327.1683486960078,34.187301463363916,9.36549197263914,13.956583827438104,14.021585649317927,15.304680772418957,15.268810370685918,15.495020862221727,No
-104.12496018663491,-107.90645536086089,-111,10.632403125284117,-92.25643544464505,-107.74409062276382,-111.30043510122208,1.6898988623364768,3.2631228239867927,0.3154923617839813,0.4016236364841461,0.3511330783367157,0.2599169611930847,0.08822698146104813,2483.407640402321,2454.548765069504,2261.1930832669887,1660.2744759791954,573.0500417057408,33.7684521623415,15.686982301898954,10.641075279744543,15.51545335112851,16.633238059869043,15.827050589585918,15.44500037208098,No
-107.11237803651059,-110.55296582213285,-116,12.619049380250088,-91.61667637920152,-110.2517549913756,-116.97319525688506,1.3275391926898303,1.6467318279010188,0.3094007968902588,0.4037828743457794,0.3847789764404297,0.31228846311569214,0.12507906556129456,2475.878495209234,2477.237061584496,2410.8544273709435,1942.5823980502878,807.4079752739566,35.48418500432262,7.427961656277466,14.90078860121302,12.416587358897424,16.86907010631437,15.485641894042962,15.245449792098256,No
-112.81144145841326,-111.05007124197778,-108,18.86696846146612,-90.38139293108614,-110.9438993226814,-133.83182233848794,0.25752170474008396,-0.34622853301763445,0.3140292763710022,0.4128642678260803,0.37794774770736694,0.3582985997200012,0.3098262548446655,2517.2155820182807,2471.9783296130786,2188.1829507072225,2090.641550194636,2043.7237683233961,30.575608742230525,10.447839299725999,15.6863428170257,15.768453213047081,14.581064943374457,15.179766613326075,16.427471488343116,No
-107.97125523703316,-110.5096705705732,-120,13.645795177832612,-90.72050165615144,-110.3441774105867,-120.35927469720896,1.1259188850912627,0.8122203918365316,0.327271044254303,0.41480451822280884,0.3736388087272644,0.2821871042251587,0.1309993863105774,2499.221368117387,2530.0145824157153,2241.1713557681196,1613.9288635773228,819.9397704511318,30.38717871917469,10.993720199826736,12.174615533038963,14.984424461461296,16.39406722711937,15.386247363764678,15.299923321257342,No
-107.3577060652132,-111.08276787006955,-117,13.370279223231753,-91.13708913201708,-110.83145009223759,-118.06058105459951,1.342000267414829,1.5052617212989956,0.32063183188438416,0.40649574995040894,0.375332236289978,0.29241326451301575,0.12811653316020966,2407.4479865998014,2524.0054758113047,2358.1230454512906,1863.7033538557052,830.0793981642923,32.85899610674102,12.896074599936725,12.899303108629493,14.895346038214399,15.40952091440862,14.938226690476082,15.59046402455228,No
-114.34162641957751,-113.48585274412571,-135,19.39537037906903,-91.2296586608605,-113.35699181666163,-135.05761350012256,0.4183049128344182,-0.3685890191653822,0.31555765867233276,0.3970837891101837,0.37637197971343994,0.3480963706970215,0.30780959129333496,2485.9723289602825,2418.146213651895,2185.152400186985,2071.3236987091627,2078.103068988876,33.595455655966916,10.479401837450105,16.131342296368345,14.619645217945612,15.175721135700694,15.873479960555382,16.619088508964744,No
-108.23944058021894,-111.94320988517852,-119,13.492619253130876,-91.96417877935696,-111.85983972315205,-119.23499674598075,1.3215907190801393,1.3894404956666815,0.3222863972187042,0.39065712690353394,0.37540489435195923,0.2889384925365448,0.12376163899898529,2534.1371559942777,2430.8306370838354,2300.3507728035747,1813.7398922933376,823.2710314079266,34.43785871355196,9.54568983217236,16.30522694542249,15.249841494809122,17.487107717262294,14.448531523728406,15.126461675198616,No
-123.2618200073097,-122.89539301570105,-117,12.931424287329337,-110.22227695282194,-122.18477744082024,-136.05203009280314,0.23193566029067847,0.23800265668606313,0.2951847016811371,0.39397552609443665,0.36326342821121216,0.3468226194381714,0.31795820593833923,2354.1003120021965,2486.2832943421154,2223.0937864142743,2143.7264133369385,2257.0842719248335,33.372921198806736,13.668127705930782,15.479757699327688,15.109153362253915,16.05074436114265,15.443616659444771,16.276673982251822,No
-109.84827477266192,-113.1726793424856,-123,15.251084826159893,-90.57589336248823,-113.12251519563917,-123.47252600136515,1.07628094423769,0.625594666378039,0.2997862696647644,0.4097578227519989,0.3932179808616638,0.2999509274959564,0.1666957139968872,2458.5903319306663,2565.863425537561,2362.685256336856,1828.88475371455,1111.7538220334247,34.25643902528419,10.685591939833333,19.264402209973298,15.803826163088194,15.590433999524254,15.069411189631643,16.028202679810242,No
-102.26581559350781,-106.52372061468662,-109,11.030715809125445,-89.75189691296168,-106.26042627185859,-109.44653531166475,1.807628737995243,3.4749092380637867,0.3281889259815216,0.3929380774497986,0.34158068895339966,0.2404380887746811,0.07429429888725281,2568.1631393134808,2567.6464198564117,2220.2062699788676,1501.6134275517325,463.7335950516241,35.50926209987129,11.610560243909005,10.167741079404266,14.769310185611314,15.408081449794585,14.617876275945406,15.344482852338208,No
-101.18537126110779,-105.19870905239175,-108,10.538456113643722,-88.75218805303791,-104.99440862150148,-108.25541974833955,1.7169099376004147,3.001402778676555,0.30452898144721985,0.3874514400959015,0.33913496136665344,0.2361392080783844,0.07235567271709442,2413.8095550001767,2397.94661798047,2150.825708314911,1485.838746571643,453.000607454345,33.668763968494105,12.667501621399802,16.803977643806668,14.410500453657079,15.502845717058554,15.209965194829556,15.509503744911964,No
-102.67027647789395,-107.02932592275818,-110,11.397312089029443,-89.27900547215339,-106.85913249217742,-110.48631713523787,1.5620098371227955,2.2828492921529193,0.32439756393432617,0.4173312485218048,0.3536876142024994,0.23675666749477386,0.07736808806657791,2485.855667661504,2563.2670227242124,2258.4960020827093,1518.0967123284013,509.35993284753977,39.212563182528264,11.36311159829208,13.641327551818444,13.012369922286377,14.5669048224869,15.884531763407576,14.776866898259504,No
-102.58806849718061,-106.83272740490523,-110,11.56924451462179,-88.9118387174929,-106.68486253011929,-110.69945888496588,1.621358682442544,2.572876987881526,0.32377269864082336,0.40014079213142395,0.36747899651527405,0.2625974714756012,0.08522789925336838,2621.4742987668164,2516.5973407275064,2254.479992553151,1633.4367600902285,546.4542728596185,35.96880351285134,13.117968587453266,12.638003629248356,11.914112335376963,14.996462538076344,15.547447276509837,16.228247181431,No
-106.06844262416521,-108.76541300947295,-119,14.567562978285062,-88.64066463609232,-108.68517196982093,-119.24149594620408,1.1482846015361132,1.0245994102483005,0.3239993751049042,0.4089815318584442,0.3859824538230896,0.30590659379959106,0.13605144619941711,2505.8167502687647,2511.3175580635684,2354.0384812408147,1847.8762385047937,849.7326292241446,32.242627578753925,10.418448065722561,16.80860168283697,13.07989853161026,14.322310155873414,16.24990940773765,15.197839502846708,No
-108.19288455359563,-109.32324706158286,-124,16.822137496274856,-88.9170961381131,-109.18524584363014,-125.54002012266454,0.7780996160310134,0.24943991228531504,0.35446175932884216,0.41676759719848633,0.3915807604789734,0.321769118309021,0.19896860420703888,2691.006401809851,2603.684093191166,2291.155324338116,1854.4697773909857,1285.358046680771,29.33088428799288,11.322192427597894,12.791025032381915,12.485390392288428,14.577638951589023,15.75709136103861,15.656321890907638,No
-105.1826626300029,-107.76182793095819,-118,14.444788029357364,-87.40783350632182,-107.61637948901725,-118.36637616430255,1.1021937051940605,0.8235526950904015,0.3552230894565582,0.420105904340744,0.38655680418014526,0.3051588237285614,0.13006432354450226,2660.318889983958,2529.6852482294435,2360.280756359104,1809.9178788959634,813.5896471666347,31.944078501754383,10.24764303853686,11.543049891180068,13.013068619385644,15.824718091393276,15.323578276418345,15.479480290523886,No
-110.83296769790577,-108.34565276581746,-105,19.829433076380283,-88.44790780664376,-108.10218329010293,-133.30683335964727,0.2867291266160707,-0.5310827864456926,0.32293039560317993,0.4149329364299774,0.3957366645336151,0.3509442210197449,0.2972642779350281,2437.8164667875553,2448.1000224049094,2304.616070403139,2026.1017141922832,2001.6598250433788,31.269404577936438,16.64433448840162,14.18931761520779,12.491892700486686,16.484141442788093,15.361575889338923,15.378032881382927,No
-107.2440597536679,-107.56635728630694,-123,16.460766528461658,-86.98629256622385,-107.36393515983865,-124.30989409947237,0.6998051451597833,-0.006103862782203429,0.31668367981910706,0.4149393141269684,0.39020219445228577,0.30784836411476135,0.18335118889808655,2451.052391560399,2507.574862987838,2284.9022893960773,1734.679505826382,1187.238374435874,31.023238805167388,10.22739254061601,15.014007200808347,13.00999179192954,15.31960314328511,15.136897913616858,16.077022641901106,No
-122.74839818319707,-122.19460011675862,-118,13.289683278570239,-109.29353988698284,-121.68130356951083,-136.22697658238033,0.21752644209009334,0.009307868648767315,0.29362696409225464,0.37884360551834106,0.35993194580078125,0.3664189577102661,0.3208733797073364,2264.421054847866,2256.746323038723,2141.5727323220053,2155.999925269397,2180.303560606346,30.250780854589415,11.90822690397125,12.96578876855285,13.647826129840306,14.73863948189954,16.087335953834383,15.741914886330079,No
-110.25626679772911,-106.87134253850925,-134,21.74964132732223,-86.16113470465963,-106.65824373706991,-135.67902569671145,0.1256483662287133,-0.6271799487596943,0.3351494371891022,0.42035967111587524,0.39092087745666504,0.3710411787033081,0.319390207529068,2569.1430444611774,2549.6877584635267,2341.2118491605825,2198.8526716517636,2192.7957360641085,28.776964683855716,11.715485638272636,15.1640790237121,15.164902207304545,16.063544778336976,15.977234610594664,15.44569963776994,No
-122.50712696194662,-122.00431861594431,-114,13.767405158671151,-108.16994585752664,-121.14623981319428,-136.58653326954004,0.3355193249383273,-0.033689440463208875,0.2925845682621002,0.39583754539489746,0.3738223910331726,0.35581374168395996,0.29660728573799133,2339.996249128206,2376.209924206253,2261.81000741889,2160.860961049407,2052.0298675350996,31.11619100165067,12.735656466649665,14.469015737957198,17.504745028398123,16.411582274538162,15.554705440357406,16.06975981214962,No
-122.12415809210368,-121.79013035454659,-116,13.65293292658442,-108.16447047122207,-121.36401756873427,-136.09025376238057,0.3935521043381318,0.10690939350576567,0.2939729392528534,0.375678151845932,0.36653926968574524,0.35935479402542114,0.3017725646495819,2237.6328822906758,2279.87765575248,2244.8054710256783,2158.1327826671018,2024.1109594419024,32.045464130583305,11.292869210586423,12.864337036165887,14.137853013460653,14.493692958120178,16.08939136847396,15.766358592060694,No
-121.51396987490047,-121.10462583809594,-117,13.97746237539129,-107.3010375109706,-120.55202829645219,-134.810542961374,0.4075868579616868,0.1917249138386663,0.3227243423461914,0.40992704033851624,0.3634376525878906,0.3615070879459381,0.3310815095901489,2468.874371557745,2485.053290133646,2207.5560050305166,2168.2290411293807,2220.1898334514085,31.099916428111943,8.865813154370212,16.897695724860583,11.513202257288734,14.66163202028585,15.38822223665369,15.808803729519022,No
-121.30793853454793,-121.06089358897417,-118,14.227781621120885,-105.73282951573071,-120.65429087507826,-135.7165836156518,0.3730111793731119,0.01014460415453522,0.29313308000564575,0.3696504533290863,0.3640640079975128,0.354558527469635,0.3309789299964905,2213.4853969182946,2209.1971265053885,2163.63554315741,2178.3757701691866,2267.282345573148,35.92809092402252,13.033884741492994,13.113807636068307,14.415448165639578,15.83403749878747,15.657645498802745,15.23156242227904,No
-117.58422413387619,-121.65949883448073,-127,14.574531096672827,-101.46489495452923,-121.48865665703117,-127.97104281779802,1.61762068395519,2.4350687382343352,0.2249440848827362,0.3020682632923126,0.29370322823524475,0.22316530346870422,0.10215821117162704,1371.5699290061175,1548.135087201484,1560.9198843594327,1152.5437290411517,559.9268683306387,32.61288432240979,10.92085121818817,12.599705299140291,12.88674039154302,14.597607414103933,17.119693464870423,15.226654829648306,No
-100.68526838541383,-104.3661319390463,-107,10.106831940026757,-90.60819673610558,-104.31293010026563,-107.33407705443987,2.2090901385076216,4.890497810101456,0.3254777193069458,0.3193753957748413,0.1796526312828064,0.14734935760498047,0.06661639362573624,2403.495109267697,1955.5661004433402,1138.9332837820662,979.3312338135972,447.95057552873425,38.16924123937589,9.6616923161567,14.268923657549044,17.62344645771494,15.251974390350558,14.890255556877738,15.086140639125896,No
-108.04697116111572,-112.62287485474549,-116,13.357453596462754,-93.05098193456718,-112.46975642757309,-116.31974057839497,1.93288839108619,3.3980228645886434,0.32793766260147095,0.38554754853248596,0.3220420479774475,0.2784346342086792,0.13764970004558563,2535.7668230318045,2433.91383478443,2085.8441064909343,1755.2307206078153,890.4926063620344,35.960045282141515,9.387278128537622,13.381951368796189,12.360252019397159,14.886111110539645,14.954638493517871,15.334799928394824,No
-110.8690793726204,-115.67457139871895,-119,14.504291703599726,-93.5934638769787,-115.53444389807002,-119.97773085959122,1.802980649841718,2.803442668185662,0.3364342153072357,0.3886355459690094,0.3438604474067688,0.2900177240371704,0.15303026139736176,2537.7653521901047,2519.549956466782,2448.873491945434,1980.0607400009856,1038.969417175982,38.34080222675567,10.659016997404814,14.098218409201081,13.716387802270054,14.342620931761768,15.2354647369379,16.162631533670528,No
-104.23702166462492,-108.37853131699856,-111,11.732726076824905,-93.3127323608845,-108.29147138027119,-111.50434658086718,2.0835908235927314,4.131267188604301,0.30328798294067383,0.3383243978023529,0.2623532712459564,0.23770618438720703,0.1133924275636673,2319.5273350926145,2118.0461062515133,1702.5674070930143,1525.9412056783385,745.9032410426116,38.36863803001107,8.633212405357284,12.502908302303007,13.210939360005657,14.84696779818375,15.946040370000702,14.71856417041621,No
-114.20634107270092,-117.84074099377025,-126,16.336548906506493,-96.80611426939262,-117.69254033561043,-127.65953821844577,1.4209767821890233,1.8315528914523505,0.3271103501319885,0.3862287998199463,0.3734801113605499,0.3271057605743408,0.23840488493442535,2426.868331198022,2361.9087864248786,2281.333906967798,2023.6545518791854,1557.0151969255764,31.44736042889064,10.49618124510177,12.061581540908598,15.574753744201951,15.828125576517271,15.122781972518515,15.7014888539947,No
-108.48706117945581,-112.74441921581553,-116,13.077308293677802,-94.89874636619943,-112.4276249325659,-116.60644547781145,1.9888906776669009,3.7966864214092046,0.3114417791366577,0.37877434492111206,0.3244665265083313,0.27168500423431396,0.12959961593151093,2423.838501175529,2394.4783894060347,2143.344580601326,1758.0338081358798,841.5711830236803,35.17957611893637,10.117612750717718,16.90951757578936,13.728660922073683,17.177234362943633,15.543503920149721,15.967161334584992,No
-111.26369271196016,-115.75069158851997,-120,14.160295128340493,-96.48820675464458,-115.47575026390967,-120.1601959218089,1.8677960127435558,3.3590251053252365,0.31509366631507874,0.39847156405448914,0.3599908649921417,0.31016111373901367,0.159477099776268,2490.0743166453426,2424.841868517179,2254.1078548682426,1932.6465313482286,1023.6375641812045,34.7542101847237,10.444251602364647,14.791779745122131,16.233517792888428,15.859745969265834,16.005132679424204,16.06090639640717,No
-110.39266866782974,-114.54071922880833,-119,13.417682418333515,-96.18891103183631,-114.38658569411106,-119.29917473019928,1.8725933826753727,3.3367212126971566,0.30715706944465637,0.3843939006328583,0.3363930881023407,0.2806958258152008,0.14997614920139313,2392.638647150012,2448.7905490773237,2198.0430152167537,1795.1867119523927,987.658345589678,34.40903727738991,10.274578688817584,13.070966343448315,13.315101768788361,14.84625147339894,15.45870294076621,15.717249900006426,No
-116.40913280791314,-118.23942480813957,-113,18.01760693001402,-96.01693669987094,-118.14148666158438,-134.16363263369945,0.9994247322633064,0.9575042945387957,0.31474795937538147,0.3863905966281891,0.3580952286720276,0.3454667329788208,0.3024580180644989,2316.400799683285,2360.1136749059538,2263.8884618965594,2087.9582646526333,2009.9071721531461,33.866520463869826,10.42821933140706,13.897860407433352,13.690153122007946,15.790478073341475,15.634364594213798,15.574438065433506,No
-99.47975156157217,-102.71858595073994,-105,9.34899036051563,-91.13874912651808,-102.71858595073994,-105.86391482715837,2.3070802514555084,6.021100320716016,0.29569920897483826,0.2766572833061218,0.1600424349308014,0.1450939029455185,0.06420006603002548,2214.159706403897,1724.1340938418316,1043.0887848661928,922.7765382659611,411.4571537784724,37.01566222180348,9.417645969128845,13.912732752701805,14.54655964873103,17.426033509565666,15.053779635323185,15.761407097192745,No
-108.73455011045736,-113.07783410410329,-116,12.96867057956022,-94.3406019571332,-112.92624966400987,-116.9863666169111,1.8410439323158503,3.1621199341176105,0.30626553297042847,0.3627103567123413,0.3285195231437683,0.2837217450141907,0.13304047286510468,2335.647620474705,2235.707835278023,2034.069366796531,1726.133476399127,827.1228937258435,33.34923600397927,9.138572004244253,14.522506544410465,13.964452201528223,15.474156588265433,16.81315848021733,15.294411353358825,No
-105.0859938075922,-108.58649211009347,-111,11.071423655862363,-94.65412855243711,-108.44708782526757,-112.04297551147646,2.162013278235929,4.9253184548725475,0.30689889192581177,0.34464749693870544,0.2574019730091095,0.2385846972465515,0.11298023909330368,2402.9500546983363,2217.269244476368,1699.506543425066,1571.2204298958231,755.0665330684353,36.484954856588864,15.377774160624265,12.579217888480883,14.03020893567405,15.865422390387959,15.04377229009964,15.34699824817633,No
-106.2923435319375,-110.03480341791271,-113,11.585572726538372,-95.84029673634554,-109.90023181292182,-113.5360334687298,2.1528449143292745,4.607713829024993,0.2896328866481781,0.3275107741355896,0.2672173082828522,0.24633993208408356,0.11653934419155121,2280.292464951058,2045.6901908948328,1737.5279420770678,1606.1280327907398,758.3335808601005,36.56711460687275,11.322436018551684,13.466116237953944,15.073563312254995,15.221702827533232,15.207339519547975,16.163255089659184,No
-114.2208144585843,-117.85662208494745,-124,15.273754308412055,-97.3614828821938,-117.5813669916329,-125.8137711543253,1.6077716658389003,2.574242832158858,0.3247896730899811,0.409483402967453,0.3797893822193146,0.3267875611782074,0.21230736374855042,2452.834197963267,2496.513677525023,2368.109379280465,2052.7737417697053,1389.2789591258497,31.2708541236148,10.2551272249457,13.42480756034424,13.096291122983796,15.527947026937369,15.783644823620588,15.82599203864745,No
-106.14773521102677,-109.95610768261251,-113,11.565633839120231,-95.50625260212831,-109.92663770804265,-113.30940982862626,2.1957219229321714,4.819508370808838,0.30042028427124023,0.3304137885570526,0.24461641907691956,0.23020221292972565,0.11217232793569565,2305.2423221879935,1928.3921522127719,1460.4911950215796,1433.0975497181978,706.994565136906,35.48629115013083,16.336626920382876,12.57167143316236,15.243462901031332,16.45253601250497,16.416176036767787,14.59880851411835,No
-104.42904915809977,-108.05032493107535,-111,10.929828606422024,-94.73553552616578,-107.90155165962851,-111.34020279741284,2.1892300456098686,4.995262847987305,0.3119346797466278,0.3512943387031555,0.2647412419319153,0.2312132716178894,0.10711989551782608,2484.139104465869,2191.215687996978,1698.5390816188856,1479.0857933155194,708.092095634362,36.73701540345678,10.13423095078986,14.188133511529736,13.003127317647639,15.63189119314697,16.17064238519087,14.715387285149632,No
-104.71905246489382,-108.61442079937825,-111,11.077448783512288,-94.00773569669049,-108.38334932651027,-111.57646750788862,2.217047697709069,5.2175807654254225,0.32881781458854675,0.35464853048324585,0.25256308913230896,0.21969850361347198,0.10254858434200287,2421.830535594702,2116.118876647259,1482.8998079949597,1263.3456683150005,611.5056682401558,34.88778965864526,9.467106160526173,11.537609892524557,11.972614054767439,15.433224330630258,14.855616791461793,16.238477056537324,No
-114.49119540211433,-114.8163905816964,-112,18.088373206005542,-95.86439219268053,-114.63610196317228,-133.5863188990646,0.7987185486063039,0.8358479928770262,0.31355440616607666,0.39039385318756104,0.3797451853752136,0.35468417406082153,0.30640652775764465,2261.266968030882,2361.335431622367,2306.7408104048077,2161.246687931124,2039.2903753568942,30.06977588080172,13.833527074350553,13.963140358884896,14.02420905101161,15.187624647878554,15.808304357447849,15.555059446244337,No
-113.07046210659777,-115.49381325222785,-125,16.102493153558214,-95.49991892065309,-115.32097192118349,-128.1502098978782,1.2495156376611596,1.64460257614365,0.3121727406978607,0.39576104283332825,0.37596404552459717,0.3206176459789276,0.23120556771755219,2379.694570739817,2446.605177341862,2279.2368527050753,1874.121044178383,1552.6003137064781,28.365697579633053,10.184382504603782,11.668577565398977,14.465863337361068,16.919666667581318,16.223598094892985,16.366100447120655,No
-107.84362685851632,-112.35078788258907,-115,12.832116045148965,-94.22445783079382,-111.96429243544944,-115.94575079088771,1.845918065680145,3.5055976668839595,0.30698642134666443,0.37047088146209717,0.3392755091190338,0.3178017735481262,0.15536539256572723,2331.5708579207667,2279.72838740854,2138.166459342444,1890.536719537086,931.2159206214611,30.849337868731357,9.719418973977358,12.756048720716972,14.516838296493805,14.575737564183063,15.731246900623981,15.468468918451824,No
-100.1193550587276,-103.55906055510627,-106,9.844313746173897,-90.97758696937773,-103.54485802201127,-106.61593742760488,2.287852268441942,5.518753701416662,0.2917744517326355,0.3104320764541626,0.19174864888191223,0.15705765783786774,0.06953353434801102,2213.8078532298855,1915.000915400085,1223.4971180179596,948.7479752407644,424.24742475100436,35.772255592434455,11.92298903451567,10.159775383902318,14.00970833849517,15.053272273964708,15.011036463807466,15.01060430809803,No
-115.31444609224775,-117.38003128133295,-116,16.89043030904565,-94.83259316665583,-117.1832685337614,-130.95008595297912,1.1078255996869288,1.069754561653336,0.32147711515426636,0.38054442405700684,0.3719398081302643,0.3390854597091675,0.2719966769218445,2359.8684431279607,2347.221647760265,2292.757649790836,2067.0995078999645,1794.4887545517895,31.49029928353546,9.289229212958732,15.318020083657109,12.688422640002091,16.04761885028268,15.60099582454929,15.23112401241482,No
-99.41939910509477,-102.9123033586791,-105,9.576163072048395,-90.83393835959482,-102.88538372686116,-105.83402260196311,2.3195122733260223,5.866137884311897,0.28415364027023315,0.29139962792396545,0.16774068772792816,0.1438603699207306,0.06325390934944153,2219.5758923805747,1803.9602073254619,1082.7448427181598,911.2620550188465,403.57730907917687,36.377507097607136,14.257645249673905,13.343065892874293,13.436331159414456,14.19359547856676,16.427612941201556,14.861135410426623,No
-105.98965710959047,-110.133055857773,-113,12.199039046990183,-94.27545827315042,-109.96179944441477,-113.53419281576743,2.0594366650274987,4.21620714815433,0.30233675241470337,0.3505488932132721,0.3012988269329071,0.2592652142047882,0.12254488468170166,2292.519457028333,2181.5474481187457,1919.7279818579996,1660.5241664112657,781.0773623846076,34.19893276854776,9.237822566309378,12.973454337126999,13.804197226663812,14.808830975240364,15.496048194930802,15.04127364338826,No
-116.15046672851145,-118.10939790184293,-116,18.62711327808839,-95.53523915223846,-117.95256342635572,-134.33113517809954,0.9699875314044696,0.9338080607666659,0.32061102986335754,0.4063805341720581,0.38507169485092163,0.3548487424850464,0.30697184801101685,2378.579797959806,2435.830355183897,2312.1782954356436,2107.7095492005637,2031.3433460574515,29.988751498653794,10.2041992348679,12.400323546694343,12.43058413965407,16.375507666163557,15.630772575166242,16.63524394205998,No
-114.44994060986826,-117.77813935966587,-128,17.052491871431513,-93.32218159681997,-117.72510155448273,-129.5576078254419,1.256647828157068,1.4485651973831857,0.3125428855419159,0.39447179436683655,0.3682202696800232,0.3278227150440216,0.24599090218544006,2309.0821335659157,2370.0414369985347,2278.715247809711,2012.8885362317637,1679.105921815315,32.63589750631767,13.977541726038421,15.045077701761537,13.023912533266024,14.734991187562496,18.503985872096205,14.66610087791804,No
-104.45261979807542,-108.57628706703149,-111,11.57136228861702,-92.83963851961707,-108.5015566915787,-111.82566518546147,1.9950078054862403,4.014668531374432,0.3230443298816681,0.36330756545066833,0.29123538732528687,0.23023256659507751,0.10941919684410095,2415.3207897332586,2227.884959647101,1801.0794335000041,1486.4929388225378,707.3952883002396,36.67462626117451,10.218146415225613,16.92117533253458,13.057428455960707,14.606704435958255,15.606480624568562,16.295426880514558,No
-97.10595070989498,-100.41375614383199,-103,9.258684490449406,-88.68042572726056,-100.37858040276252,-103.35882518612742,2.385800992982841,6.43511542068979,0.31741294264793396,0.3170817494392395,0.1550189107656479,0.10794568061828613,0.04514392837882042,2445.611908256626,1974.2590111542459,1008.449421131889,690.6301219884924,284.91756148664405,35.3771014276994,11.389534461222839,14.308129282235646,13.086570199957105,15.240379973439577,15.695645374782407,16.001814876900063,No
-104.80215229961505,-109.1048010042498,-112,12.050015146709656,-93.22495641529815,-108.93395510841114,-112.31673440260259,2.064574658981165,4.225570471549617,0.3177189230918884,0.37006476521492004,0.2918976843357086,0.23941241204738617,0.12042506784200668,2355.6609718319587,2278.0381572365595,1829.3675325776474,1557.6813483749638,783.144726323409,33.514614673718725,11.523606099238371,15.588237090302593,14.266973499172854,14.871791405536396,13.791180826442368,14.289516314087795,No
-113.65554361178465,-117.02266635471281,-128,16.770924961571904,-95.24869376837223,-116.89804529630831,-128.43901560934367,1.2723042821561619,1.4393833029317857,0.3158385157585144,0.40469062328338623,0.3617711365222931,0.32465028762817383,0.2491663545370102,2407.923399885815,2442.0364891132776,2230.347937117995,1943.3521898995332,1634.2284229890192,29.078606831909923,10.450656829657342,11.111580748128548,13.184838914427905,14.551064291773006,16.080188477041645,16.39550087565038,No
-112.45351230382185,-115.86048841916147,-125,16.416390397416226,-93.49643295537265,-115.74968550340415,-126.78694698534844,1.23910532467,1.2932627192420583,0.29897353053092957,0.3891836404800415,0.379578560590744,0.3290954530239105,0.24350963532924652,2332.734627222381,2410.509982660731,2441.227700325814,2126.2928850362323,1584.7626553925884,31.677123610890657,12.61246001676889,14.217556411523432,14.811926324693934,16.892017346354447,15.560922007210578,15.361067268505531,No
-104.2004584660815,-108.63328892530743,-111,11.890682895855836,-92.4130739705339,-108.35896163126796,-111.64905453883279,1.9937370199994313,3.990783488270636,0.3252027630805969,0.40084534883499146,0.3133205771446228,0.24653767049312592,0.10903742164373398,2571.0168282904074,2498.0808634049185,2020.8561252800462,1545.89354204935,695.9454078864053,36.606164126071064,12.474052827945343,15.165084392366662,13.683261233053281,14.835956792683259,15.67921269951415,15.74106544251732,No
-111.47425095107074,-115.44991962085662,-121,14.544274593699873,-93.11559052277741,-115.30237139636313,-122.33626069062251,1.5434703123020073,2.136207234804375,0.318988561630249,0.3946980834007263,0.37043455243110657,0.31095126271247864,0.1698025017976761,2445.0858635560076,2460.486021794724,2344.63692065244,1959.7079134045766,1091.6803201322884,32.04519143548476,11.858009371906075,14.593504753913535,14.9970535752549,14.385068370485545,15.456090446423906,15.379566205620824,No
-110.07630294950184,-114.72191708350572,-120,15.194860976830402,-93.29725436731852,-114.58056930232188,-121.53797608460957,1.4495750970210277,1.9175645937398977,0.3340466320514679,0.4298163950443268,0.3840259313583374,0.3189588189125061,0.1681859791278839,2509.2301365539543,2627.4938942205595,2466.0871031029405,2012.2780418198868,1083.429847118666,30.852826689678647,10.341703766708893,14.15088680519871,13.852170549064795,14.188761314282056,15.492429235699166,15.246023542616124,No
-104.88301335295637,-109.3854151427235,-112,12.350596152421758,-92.21371327894278,-109.2465470388418,-112.57883077979471,1.9629637154140809,3.9332512599514837,0.31592899560928345,0.3901335597038269,0.32020998001098633,0.2535361051559448,0.1190343052148819,2502.037404808964,2460.5021021727407,2040.2805077419607,1668.8385341694277,785.5933678827358,34.48557321024576,9.69978780457027,13.912099493878483,13.550420994778497,15.288354139907664,15.42845241095365,15.915788650650072,No
-98.8053352271886,-102.56481474626023,-105,10.35243899187091,-89.52013755897511,-102.40534796287687,-105.4641262418297,2.3852970508267126,6.160568359165985,0.3027111887931824,0.33452045917510986,0.2051120400428772,0.14328399300575256,0.06284577399492264,2373.0470570731422,2085.0072632509227,1318.0271417747604,949.5378781457407,437.9102463867289,36.25788779972777,10.348037831243396,15.798103689233116,13.540676365172342,15.3948790649933,15.894234055132944,15.099604794326146,No
-112.75538972780113,-116.4667526558245,-126,16.447988238807156,-93.71305093458373,-116.34368280000507,-126.998068271102,1.3238871234821723,1.5441731155901124,0.31710177659988403,0.40169060230255127,0.3697926998138428,0.31948092579841614,0.21784700453281403,2444.6327217421826,2515.06759848475,2366.3681240226265,2011.8099595549122,1420.4168785281493,29.39670439750941,11.363608904546115,12.746213335831525,16.314819696962456,16.198306583063026,15.719783668297783,14.875259753011159,No
-98.86124856630258,-102.57104772302188,-105,9.941329057871037,-89.29440457226626,-102.51882281300912,-105.48795711596989,2.2538144757422276,5.551262322078928,0.3068831264972687,0.3238755762577057,0.19201776385307312,0.13443541526794434,0.0620676726102829,2243.034593824742,1937.0027739365269,1196.0663818990688,889.2776987544346,417.03045334625926,34.97460360966964,10.775692148447868,12.492197860293397,14.586225849546896,15.91838278979213,15.602682343116816,15.78955159991123,No
-99.78754414633516,-103.47260713181822,-106,10.134397105997284,-90.20127497044635,-103.37206820626204,-106.41171832432421,2.2262432592478976,5.212299623669491,0.3008139133453369,0.3477056622505188,0.21145708858966827,0.1515192836523056,0.06521741300821304,2310.647236643195,2091.6364340896616,1347.8185811821052,975.8427343042358,417.29897710023613,35.005670332804115,13.275775472321218,13.668209176938225,13.602734229134509,14.833463282943086,15.299913661051283,14.967780490072965,No
-115.85737217277098,-117.30279290216805,-116,19.180196523640433,-92.48142990615243,-117.14927458195176,-135.24283805718764,0.7893564146504477,0.5491344440265249,0.30450356006622314,0.4096831679344177,0.38233986496925354,0.35115230083465576,0.30689945816993713,2423.6061572348417,2502.1867043467732,2372.1803813287765,2159.75025467246,2071.7962190437347,30.170552055552683,9.88631137206614,13.630812609616168,13.910047903301853,17.32412949404543,15.348369493215847,17.12265920768271,No
-113.53865648156446,-116.78104105404572,-128,16.82270482061191,-93.79252394282703,-116.67203965072585,-128.25330371155977,1.2260783542472895,1.2691565326584637,0.3110639154911041,0.40030330419540405,0.3779382109642029,0.3336528241634369,0.24306708574295044,2431.2262087810645,2463.42787861335,2358.280462072462,2072.8508916397095,1639.0372889108437,31.064779793096864,12.897232506227084,11.451801123312771,13.60728145686933,16.900461077275608,16.431158423608828,15.855592713854639,No
-110.58630322175921,-115.53203665239992,-120,14.675290845544069,-93.26225931787741,-115.3968707954262,-120.98484869292015,1.6328527261790546,2.3267942055805415,0.3079107701778412,0.3862144649028778,0.3577258884906769,0.2989072799682617,0.16271939873695374,2328.0309180325216,2470.014803454837,2359.855685419958,1919.2178150142713,1074.4653162702623,33.674749799069126,13.781589665481729,17.52020214057188,12.883423168497282,15.602103019772196,15.03722034648841,15.912534986090417,No
-108.80878879624541,-113.65752975314183,-117,13.647621075660696,-92.85491800058347,-113.48802244685724,-117.67664027486123,1.7844621975518702,2.9342265940214727,0.30806058645248413,0.3912545144557953,0.34489381313323975,0.2870710790157318,0.14380018413066864,2486.3153623699395,2430.5539721398145,2238.744039304748,1851.853947673553,916.8080122662052,34.845359014948414,12.20269927711829,15.626154907788802,13.349130699916174,14.095987061394194,16.241142541952513,16.171825480100928,No
-107.79064007598622,-112.34987038565247,-115,12.687545237547177,-92.6779205673997,-112.20331152517609,-116.02769205591972,1.848326854727304,3.1596121114759335,0.310037225484848,0.36645829677581787,0.3106488883495331,0.25702840089797974,0.12587717175483704,2337.127085959523,2251.82496918104,1904.927570179537,1590.999476848454,786.7705157066291,36.24048977290339,10.567660533680634,12.137526403351254,15.503592136801151,15.432942096104844,15.386397144614321,14.93659144251536,No
-105.34599628301531,-109.75636072228997,-112,12.195374391026936,-92.07506737821207,-109.63673232768733,-113.06092493301156,1.9530367574040428,3.768533327324165,0.3271852135658264,0.3813060522079468,0.28899332880973816,0.24357832968235016,0.12420269101858139,2511.8479967683356,2371.7933435638306,1893.9873584364734,1570.2434599110647,780.8846911168367,38.45728999086264,12.869877657173642,14.549500944406176,13.28104075899049,16.141043857239964,15.570141098774698,16.2936529547814,No
-97.15684478659878,-100.33424802374834,-103,9.019203114859957,-89.00646195508622,-100.32556660960097,-103.39255732038293,2.2839763882168134,5.848331856924219,0.29778724908828735,0.29805612564086914,0.15361288189888,0.11505676060914993,0.04963528737425804,2227.4303130841167,1845.1051936016418,978.0101064617548,752.9852324404222,328.89466525936416,34.49187660643834,9.490107879875815,12.290539828791083,13.541853316785113,15.650827923673617,14.335805048334302,15.874354458412606,No
-102.98493614839022,-106.66559907266488,-109,10.566008521205493,-92.55245614034193,-106.5536010680546,-109.83965127875567,2.122543429409713,4.5858640647482325,0.31482064723968506,0.33450785279273987,0.2330775111913681,0.20419612526893616,0.08862670511007309,2316.964642115401,2055.9385337799613,1494.6433484521413,1353.7199139681672,629.5018307509766,32.88445574650615,12.072564560967791,14.045330096316013,14.34399130794166,14.48930520114429,14.492436486557102,16.341608072505394,No
-104.1655685969376,-107.86186720087218,-111,11.00685588301107,-92.92220153775881,-107.77322382874031,-111.26769758534294,2.1030971316849403,4.413724528647472,0.3125687837600708,0.3335840106010437,0.24399623274803162,0.22317162156105042,0.0972302183508873,2438.0933421896543,2148.6990447099333,1533.1179933388244,1361.4213820911837,617.9149243014432,35.088681317245026,9.743594585982258,12.376941633099285,16.84996165372985,16.25735426051346,14.971873393986396,14.941341344816086,No
-101.95863118639832,-105.5894031994963,-108,10.492565865179824,-91.73528259028744,-105.55756385423761,-108.82999550932304,2.208444088033714,4.843397191230824,0.30924537777900696,0.31408628821372986,0.1891288310289383,0.1631575971841812,0.07398179918527603,2285.0589713905742,1953.8163091182046,1227.1865812008193,1028.0629622180322,474.4590395722052,38.29068912282499,9.757488356168164,11.203519480296904,15.134810704852317,15.456073738269726,15.483484429811664,14.970226858031321,No
-70.42161665493111,-63.37945252672223,-95,19.310444665358002,-50.29514204554139,-62.72938340871596,-95.43609630795578,-0.17381113573842244,-1.5486993220255842,0.41697072982788086,0.5274537801742554,0.48291969299316406,0.30922797322273254,0.0751318484544754,3015.4388856563114,3084.9765263109716,2829.3382827898486,1823.009932798635,433.9100788702615,28.21897935012327,8.399611110620635,11.885232074007481,13.612552779503236,16.529337642836758,15.451941803067967,15.330899757056036,Yes
-67.84900626417597,-71.28697790131126,-75,10.860985483410337,-53.45473061103377,-71.22111050713978,-75.84576049955294,1.2581521504377096,1.5791845621611627,0.37731409072875977,0.4520433843135834,0.4239348769187927,0.33185693621635437,0.12871672213077545,2466.7245226971986,2434.971688721414,2308.5000956891945,1759.062158629807,654.8097185946585,29.400437210722764,13.285836849184264,16.95796677251636,15.781721734343753,14.123394403503895,14.852133515663093,13.504439544005768,Yes
-91.6953881553125,-84.49224558360685,-122,22.006890540364346,-69.90344722955511,-84.24432304454129,-122.05549309238579,-0.2882669108768869,-1.279062859271921,0.37096142768859863,0.4573647081851959,0.41184547543525696,0.2962755858898163,0.18803444504737854,2789.581300890358,2877.7168001561604,2495.655674247513,1708.338893718965,1212.0435758131975,27.820229724444168,10.706489632924463,13.968644096020572,14.828653963624841,16.262492025071722,16.550384824728418,16.122065232156906,Yes
-69.09359049021141,-65.85557799958507,-90,15.775593847775404,-51.0148597862033,-65.59468992189514,-90.30923280093938,-0.11559963970659103,-1.133974569659118,0.42398738861083984,0.5004667043685913,0.4865764081478119,0.3755550682544708,0.16849367320537567,2924.653685590248,2881.742773432009,2760.9504299744603,2074.7500144458977,909.6962562619356,28.745571821197984,10.002522378222489,12.642886139513662,14.26790653855709,17.17432228373324,15.236147452907044,15.342340993008724,Yes
-98.15103527381241,-108.641670283828,-115,22.950074143230577,-60.5180350369815,-108.641670283828,-115.62112303292699,1.1057939428115648,-0.34320127528679434,0.3903030753135681,0.3953704833984375,0.2900433838367462,0.2827214300632477,0.14568975567817688,2974.6730592177873,2467.0998075724215,1827.2230900377579,1796.8280279815795,935.2234961490408,31.049488483682346,9.238948629699903,13.135534530195125,14.720302360455156,14.661045929478231,15.541392177265857,15.879018600739183,Yes
-92.59958369364078,-97.16531057136477,-105,14.554222879875468,-72.37295221191775,-97.10519557891162,-105.34484158965685,0.7544737970726567,-0.2967096877319735,0.3707304000854492,0.4505826532840729,0.41062358021736145,0.3636033535003662,0.2529546320438385,2708.1521587367943,2767.9550352495007,2670.051298285219,2472.0405594426343,1899.2447251709432,32.867938148789875,10.954734814443608,13.343395947232949,14.350472114662722,15.224839932701679,14.798955146406817,16.53836320919539,Yes
-78.83572248900614,-80.57269652772989,-93,13.87566649185178,-61.22624885701239,-80.50911047003027,-93.19519906159037,0.4089124512113359,-0.6808487098432403,0.38249489665031433,0.5049060583114624,0.47066110372543335,0.4330919682979584,0.3161034882068634,2925.0382842786735,3007.184494881193,2792.0889934932943,2567.1888085426444,1980.3258452346392,28.86765264215318,10.540349202052155,15.361921142731287,13.57842347711161,16.599742480305245,16.816937596036176,15.664682425386278,Yes
-98.37945507691394,-98.60999999017668,-112,13.893978004945517,-88.03209600523884,-96.70213553770729,-112.43870799801047,0.5372438065999261,0.057750530703970515,0.3576590418815613,0.43178591132164,0.4134860932826996,0.3415811359882355,0.29125863313674927,2590.215307917744,2490.8682338281897,2325.005509736382,2017.1629042452394,2060.035405218865,30.24310479719719,11.471048418691714,12.80387036594249,13.59628624074617,15.07617149452635,15.148957054065187,15.152773555947883,Yes
-82.109505277435,-82.67152713122539,-95,13.943724888519153,-65.52576925662233,-82.38340646011864,-97.20532122957997,0.20775582733891934,-0.48207524642875477,0.38284894824028015,0.48431721329689026,0.4708073139190674,0.4424882233142853,0.39685767889022827,2923.759492972411,3062.8748829562746,2919.579273648228,2749.1531941954963,2537.727290873961,31.843650489703258,12.469976307589139,12.46512957754525,14.43425340681147,15.26071100302442,15.23301627099416,15.593721742371164,Yes
-89.43739192771365,-84.70626009713942,-110,19.154390656740457,-69.7423361958997,-83.66604934737254,-111.16382785504378,-0.06570643307971771,-1.4004005284244716,0.38069331645965576,0.4801846742630005,0.4321722686290741,0.3493209779262543,0.31246185302734375,2872.6078148046136,2855.3240665337835,2516.6208362630177,2094.6045540939926,2152.2926151185147,27.62708543593633,11.075359514406031,16.20343051120256,13.88221706730612,15.087473663642319,14.561323556960279,15.952001872746555,Yes
